1.0838649272918701,0.44936347007751465,-2.857583999633789,-2.440371513366699,0.24342946708202362,-3.1273725032806396,0.7846623659133911,1.1823365688323975,-1.2633392810821533,-2.171943187713623,0.9615480899810791,-1.4368383884429932,-0.5601196885108948,0.9265174865722656,-1.0646523237228394,-0.6511853933334351,1.3340435028076172,1.8116432428359985
1.1439509391784668,0.49217960238456726,-2.86948561668396,-2.426577568054199,0.20429258048534393,-3.1364526748657227,0.7541872262954712,1.1590707302093506,-1.2821083068847656,-2.168867349624634,0.9455931186676025,-1.4829403162002563,-0.5522785186767578,0.9378528594970703,-1.0444941520690918,-0.6362935304641724,1.3343524932861328,1.8336005210876465
1.135524868965149,0.41942763328552246,-3.057781219482422,-2.4720778465270996,0.26128989458084106,-3.135223865509033,0.7367868423461914,1.106351613998413,-1.4059876203536987,-2.1043455600738525,0.9298479557037354,-1.4399046897888184,-0.5438762307167053,0.9582901000976562,-1.0371819734573364,-0.6277126669883728,1.2752017974853516,1.841494083404541
1.1484720706939697,0.3788716495037079,-3.026249408721924,-2.492177724838257,0.264698326587677,-3.1269030570983887,0.7775620222091675,1.1367413997650146,-1.4039990901947021,-2.1153292655944824,0.94154953956604,-1.434532642364502,-0.5423039793968201,0.9586391448974609,-1.0360488891601562,-0.6266939043998718,1.2586421966552734,1.8538637161254883
1.176930546760559,0.421432226896286,-2.9667539596557617,-2.4881434440612793,0.27981024980545044,-3.1068058013916016,0.8218444585800171,1.1416032314300537,-1.356969952583313,-2.1445109844207764,0.9491560459136963,-1.4114224910736084,-0.554104745388031,0.9595909118652344,-1.015401840209961,-0.6527311205863953,1.3450775146484375,1.8581877946853638
1.202967643737793,0.4494263827800751,-3.0597901344299316,-2.480579137802124,0.2667754292488098,-3.11834716796875,0.860188364982605,1.1325280666351318,-1.410604476928711,-2.1986451148986816,0.9868528842926025,-1.4315476417541504,-0.544731855392456,0.9549160003662109,-1.0331239700317383,-0.6517747044563293,1.4191112518310547,1.8209502696990967
1.4360193014144897,0.45543259382247925,-2.9870543479919434,-2.5751614570617676,0.34234267473220825,-3.005152702331543,0.9419676065444946,1.1287572383880615,-1.3609038591384888,-2.248034954071045,0.9877150058746338,-1.2950942516326904,-0.5946503281593323,0.899322509765625,-1.1502530574798584,-0.639578640460968,1.2952308654785156,1.722670555114746
1.6284253597259521,0.4346272051334381,-2.866724967956543,-2.7348074913024902,0.4065307080745697,-2.9708313941955566,1.0838561058044434,1.1288106441497803,-1.3083441257476807,-2.3810150623321533,0.9521697163581848,-1.2814180850982666,-0.617820680141449,0.9183464050292969,-1.1326528787612915,-0.6828449368476868,1.3303394317626953,1.749472737312317
2.2267208099365234,0.4244895577430725,-2.3614516258239746,-3.214524507522583,0.3900246024131775,-2.661238670349121,1.3881627321243286,1.1261556148529053,-0.9365400671958923,-2.644580364227295,0.8893836140632629,-1.035365104675293,-0.6543248891830444,0.9542331695556641,-1.0978349447250366,-0.6928421854972839,1.3384876251220703,1.7829594612121582
2.6490345001220703,0.47547101974487305,-2.03865385055542,-3.5287256240844727,0.273649662733078,-2.312851905822754,1.653305172920227,1.0690799951553345,-0.6836574077606201,-2.811676502227783,0.8666900396347046,-0.8063358664512634,-0.6540519595146179,0.9654808044433594,-1.0769540071487427,-0.6631541848182678,1.2760963439941406,1.818641185760498
3.301723003387451,0.6314710378646851,-0.6867049932479858,-4.324233531951904,0.1126161590218544,-1.2352551221847534,1.7818783521652222,1.1040416955947876,-0.0076414416544139385,-3.1538028717041016,0.8798527121543884,-0.1848168671131134,-0.7369993329048157,0.9259224534034729,-1.0802452564239502,-0.7300692200660706,1.3498668670654297,1.7811551094055176
3.5104427337646484,0.7651532888412476,-0.024946875870227814,-4.638405799865723,0.07966103404760361,-0.6608721613883972,1.8357049226760864,1.1976104974746704,0.34524258971214294,-3.299959659576416,0.8949036002159119,0.1425427347421646,-0.7351412773132324,0.9414482712745667,-1.0473681688308716,-0.714684784412384,1.338735580444336,1.8045042753219604
3.3869645595550537,1.1861661672592163,1.3614935874938965,-5.087845802307129,0.2192656695842743,0.5373533964157104,1.6493316888809204,1.2599884271621704,0.9986885786056519,-3.450408697128296,0.9646915793418884,0.8596343398094177,-0.7635772228240967,0.9526005387306213,-1.0844051837921143,-0.7139993906021118,1.3514347076416016,1.765336513519287
3.314634323120117,1.3156942129135132,1.9215471744537354,-5.165694236755371,0.4218890368938446,1.2629575729370117,1.6365035772323608,1.3490768671035767,1.2208614349365234,-3.433283567428589,1.0652031898498535,1.2521586418151855,-0.7738376259803772,0.9525547623634338,-1.0727310180664062,-0.7329240441322327,1.346445083618164,1.7747153043746948
3.1260714530944824,1.4806913137435913,2.8508188724517822,-5.081939697265625,0.801415205001831,2.5514039993286133,1.629183053970337,1.426568627357483,1.750214695930481,-3.4347217082977295,1.2068142890930176,1.7631946802139282,-0.771401047706604,0.9764748215675354,-0.9689251184463501,-0.7307876348495483,1.3370895385742188,1.87996506690979
3.0299084186553955,1.6598714590072632,3.2792890071868896,-4.951615333557129,1.0114219188690186,3.0134201049804688,1.6629130840301514,1.5394035577774048,1.9774441719055176,-3.436426877975464,1.2250046730041504,1.8837015628814697,-0.7712958455085754,0.994758665561676,-0.9082001447677612,-0.7034405469894409,1.2092342376708984,1.970474123954773
2.9298288822174072,1.6942782402038574,3.3807811737060547,-4.796389102935791,1.2769991159439087,3.204346179962158,1.688586950302124,1.523257851600647,1.9228622913360596,-3.459498643875122,1.1976494789123535,1.8228422403335571,-0.8027083277702332,0.9465675950050354,-0.9535675048828125,-0.7137104868888855,1.2252349853515625,1.8951081037521362
3.192897319793701,1.745841383934021,3.0977203845977783,-5.031637191772461,1.2417685985565186,2.8921749591827393,1.8182170391082764,1.4684730768203735,1.7487984895706177,-3.540604591369629,1.14677095413208,1.6573466062545776,-0.8067104816436768,0.9667206406593323,-0.9412776231765747,-0.7160897254943848,1.1220703125,1.9245744943618774
3.2428863048553467,1.3989366292953491,1.5596991777420044,-5.2412309646606445,0.7866504192352295,1.3457891941070557,1.522795557975769,1.2857738733291626,0.9614617228507996,-3.497190237045288,1.023582935333252,0.7939055562019348,-0.788616418838501,0.9430275559425354,-0.9592287540435791,-0.7600839138031006,1.113943099975586,1.9117765426635742
3.2091588973999023,1.2940400838851929,0.5127425193786621,-5.152364253997803,0.6008670330047607,0.5168008208274841,1.515236258506775,1.2124630212783813,0.6033352613449097,-3.421013355255127,0.9969467520713806,0.37559375166893005,-0.7908545136451721,0.9088783860206604,-0.9730452299118042,-0.7550349831581116,1.098470687866211,1.8917633295059204
2.533707857131958,1.134385585784912,-1.1173434257507324,-4.213642120361328,0.6219640374183655,-1.3681795597076416,1.2221086025238037,1.1627633571624756,-0.09203162044286728,-2.941833972930908,0.9601348638534546,-0.2996569275856018,-0.7869246602058411,0.8454323410987854,-0.9775784015655518,-0.7987613677978516,1.029989242553711,1.9090932607650757
2.297393798828125,1.0615687370300293,-2.3134236335754395,-3.664503574371338,0.6909985542297363,-2.0324180126190186,1.290432333946228,1.122434377670288,-0.8360340595245361,-2.7230875492095947,0.9220508337020874,-0.6309487819671631,-0.7794600129127502,0.813636839389801,-1.0289006233215332,-0.8266341686248779,0.9726181626319885,1.8874855041503906
1.0792042016983032,0.9646985530853271,-3.179171562194824,-2.7713911533355713,0.7032817602157593,-3.1783535480499268,0.8374130725860596,1.1201303005218506,-1.3620059490203857,-2.4457294940948486,0.8548014760017395,-1.3707016706466675,-0.8003272414207458,0.7256699204444885,-1.0443507432937622,-0.8610360622406006,1.0120906829833984,1.8487160205841064
0.7662332057952881,1.0008199214935303,-3.313342571258545,-2.4175539016723633,0.5691378712654114,-3.2757930755615234,0.676825761795044,1.0590150356292725,-1.4614166021347046,-2.3394277095794678,0.7614291310310364,-1.455627202987671,-0.8074648976325989,0.6968136429786682,-1.029755711555481,-0.8638109564781189,0.9473667740821838,1.871167540550232
1.0780185461044312,0.9215371608734131,-3.1889286041259766,-2.4567909240722656,0.2658141255378723,-3.1563663482666016,0.8089667558670044,0.8609712719917297,-1.3619184494018555,-2.380051851272583,0.5495684742927551,-1.3411271572113037,-0.7246935963630676,0.6880474090576172,-0.9375059604644775,-0.8617632389068604,0.9328556656837463,1.9600636959075928
1.5120261907577515,0.6562420725822449,-2.948166847229004,-2.828221321105957,0.006834376137703657,-2.965407371520996,1.0366073846817017,0.7544991970062256,-1.1665220260620117,-2.579132318496704,0.42884284257888794,-1.1905226707458496,-0.7426036596298218,0.6334419846534729,-0.9571843147277832,-0.890286922454834,0.926694929599762,1.929609775543213
2.5073132514953613,0.17092277109622955,-1.8095855712890625,-3.7367987632751465,-0.577918529510498,-2.141090154647827,1.465078592300415,0.5543343424797058,-0.43035268783569336,-3.0078673362731934,0.15819014608860016,-0.6673377156257629,-0.8058919310569763,0.5992851853370667,-0.9052889347076416,-0.8654043078422546,0.929908812046051,1.967015027999878
2.9492368698120117,0.1390661746263504,-1.1426575183868408,-4.165729522705078,-0.9407724738121033,-1.463423728942871,1.6667218208312988,0.5486522912979126,-0.01659993827342987,-3.26192045211792,0.016285354271531105,-0.2340567409992218,-0.8078323602676392,0.5599232316017151,-0.9248284101486206,-0.8709579110145569,0.9482784867286682,1.93624746799469
3.4492416381835938,0.3228811025619507,0.27718669176101685,-4.668278217315674,-1.0362056493759155,0.008145104162395,1.745258092880249,0.5674797296524048,0.7333214282989502,-3.393367052078247,0.016489461064338684,0.6498824954032898,-0.8193255066871643,0.542518675327301,-0.8645644187927246,-0.8792502284049988,1.0089435577392578,1.9941034317016602
3.493152141571045,0.4268277883529663,0.9363859295845032,-4.79500150680542,-1.0211490392684937,0.7016971111297607,1.6922435760498047,0.6065860986709595,1.114098072052002,-3.3891100883483887,0.055925801396369934,1.0065492391586304,-0.799933135509491,0.5498753190040588,-0.7890946865081787,-0.8593153357505798,1.013387680053711,2.0601727962493896
3.339970827102661,0.6444848775863647,2.155402660369873,-4.892233848571777,-0.611225426197052,1.9417089223861694,1.5816341638565063,0.7979866862297058,1.7096084356307983,-3.2836389541625977,0.2808498740196228,1.6921985149383545,-0.7947918772697449,0.5107956528663635,-0.7888873815536499,-0.8474379777908325,1.0049304962158203,2.0484437942504883
3.2512807846069336,0.8642362356185913,2.653646469116211,-4.816046237945557,-0.36275798082351685,2.5866012573242188,1.5212639570236206,0.8670708537101746,1.9520554542541504,-3.217573881149292,0.393061101436615,1.9184675216674805,-0.7836652994155884,0.5152111649513245,-0.7339849472045898,-0.8360363245010376,1.0044822692871094,2.099865436553955
3.14778470993042,0.9652113318443298,3.068019390106201,-4.825255870819092,-0.16475804150104523,3.06943678855896,1.5065149068832397,0.8997876048088074,2.1180245876312256,-3.2602832317352295,0.4591335654258728,2.1311073303222656,-0.768351137638092,0.5160351395606995,-0.7338983416557312,-0.8554308414459229,0.9600067734718323,2.103201150894165
2.8410916328430176,0.9805387854576111,3.3989999294281006,-4.808716297149658,0.3219591975212097,3.6542434692382812,1.4347171783447266,0.9440228343009949,2.129984140396118,-3.3689935207366943,0.50838702917099,2.276179790496826,-0.7703981399536133,0.5152397751808167,-0.6820870637893677,-0.8025830388069153,0.9520397782325745,2.163680076599121
3.1102499961853027,0.8407511115074158,3.069363594055176,-4.739755153656006,0.27299943566322327,3.3544979095458984,1.6299761533737183,0.8502346873283386,1.912589192390442,-3.3812618255615234,0.45573848485946655,1.893096923828125,-0.7623118758201599,0.49155810475349426,-0.7198793888092041,-0.7779760360717773,0.9643250107765198,2.1083779335021973
3.296143054962158,0.7138265371322632,2.5985236167907715,-4.935027122497559,0.1261412650346756,2.921884059906006,1.6859251260757446,0.7966552972793579,1.6344976425170898,-3.4603304862976074,0.3761734664440155,1.620797872543335,-0.7519682049751282,0.5025349259376526,-0.6975741386413574,-0.7438036203384399,0.9490204453468323,2.1543760299682617
3.585400104522705,0.35211119055747986,1.2676399946212769,-5.229668617248535,-0.2535278797149658,1.4478840827941895,1.8339428901672363,0.602817177772522,0.95186448097229,-3.471324920654297,0.2534451186656952,0.8564413785934448,-0.7411398887634277,0.5208740830421448,-0.7232978940010071,-0.7391384243965149,0.9330235123634338,2.1288955211639404
3.2402596473693848,0.28910771012306213,0.3336842358112335,-5.178701877593994,-0.4090425968170166,0.37011784315109253,1.5976861715316772,0.6644207835197449,0.6093543171882629,-3.423616409301758,0.21958012878894806,0.3845146596431732,-0.7352057099342346,0.5408421158790588,-0.6922734379768372,-0.7087157368659973,0.9859104156494141,2.1562347412109375
2.428091049194336,0.29548028111457825,-1.243709921836853,-3.958347797393799,-0.22608895599842072,-1.4475712776184082,1.2474421262741089,0.6305882334709167,-0.08947041630744934,-2.7223095893859863,0.3692973554134369,-0.35489732027053833,-0.7170535922050476,0.5881175994873047,-0.740889310836792,-0.7275252938270569,1.0173187255859375,2.116640567779541
2.144394636154175,0.2779574990272522,-2.226668357849121,-3.4949612617492676,-0.10084298253059387,-2.333761692047119,1.2791935205459595,0.6031414866447449,-0.6844615936279297,-2.5854899883270264,0.3581889271736145,-0.8361753821372986,-0.6942465901374817,0.5520744323730469,-0.9208039045333862,-0.7124039530754089,0.8966560363769531,1.9511780738830566
1.1444549560546875,0.5053956508636475,-3.139679193496704,-2.302271604537964,0.16263416409492493,-3.1451148986816406,0.9023299813270569,0.6763322353363037,-1.316702127456665,-2.143650770187378,0.4617178440093994,-1.3328704833984375,-0.6402798295021057,0.5797157287597656,-0.9601023197174072,-0.7087352275848389,0.9172573089599609,1.9297200441360474
0.867836058139801,0.5731370449066162,-3.238774538040161,-2.0131993293762207,0.2863409221172333,-3.257552146911621,0.7889524102210999,0.6947248578071594,-1.387710690498352,-2.0599045753479004,0.5073301792144775,-1.4167430400848389,-0.6280792355537415,0.5987796783447266,-0.9711622595787048,-0.6770308017730713,0.9530010223388672,1.9165692329406738
1.2607041597366333,0.3774659335613251,-3.1629297733306885,-2.0994908809661865,0.2059614658355713,-3.299896717071533,0.8504640460014343,0.6255395412445068,-1.3818496465682983,-2.0833497047424316,0.4155409336090088,-1.4509958028793335,-0.6141247153282166,0.6191978454589844,-1.0142905712127686,-0.6980136036872864,0.9376735687255859,1.8795751333236694
1.574122428894043,0.4352375566959381,-3.00412917137146,-2.4118618965148926,-0.04359407722949982,-3.2201626300811768,1.0971028804779053,0.5604379177093506,-1.2314473390579224,-2.2319018840789795,0.2983229458332062,-1.4032628536224365,-0.619286835193634,0.6167221069335938,-1.0359519720077515,-0.7212938070297241,0.9647026062011719,1.8529613018035889
2.390810489654541,0.10096696764230728,-2.265047550201416,-3.2552874088287354,-0.7210546135902405,-2.4682321548461914,1.5251388549804688,0.4379517436027527,-0.716068685054779,-2.6992273330688477,0.022804586216807365,-0.8957213759422302,-0.6527767777442932,0.6268806457519531,-0.9264389276504517,-0.6820312142372131,1.0859260559082031,1.9318664073944092
2.81656551361084,-0.04978993535041809,-1.6959588527679443,-3.6513543128967285,-0.9780097007751465,-1.845523715019226,1.7194209098815918,0.3709084093570709,-0.35095539689064026,-2.8501813411712646,-0.04137004166841507,-0.5519350171089172,-0.6642983555793762,0.6045875549316406,-0.9300550818443298,-0.6724692583084106,1.0939407348632812,1.9135558605194092
3.453890800476074,0.10007034987211227,-0.3584202527999878,-4.328533172607422,-1.3171800374984741,-0.42545589804649353,1.9176955223083496,0.4840332269668579,0.44460469484329224,-3.174262046813965,-0.13436086475849152,0.2974764406681061,-0.7152514457702637,0.5408973693847656,-0.9373624324798584,-0.7126659154891968,1.170511245727539,1.880256175994873
3.5186405181884766,0.12013755738735199,0.3469434678554535,-4.41220760345459,-1.3319581747055054,0.2390955686569214,1.849236011505127,0.5556293725967407,0.8418494462966919,-3.2301971912384033,-0.08708340674638748,0.6987899541854858,-0.7011860013008118,0.5411224365234375,-0.8894457817077637,-0.711804211139679,1.2339248657226562,1.93388831615448
3.86372971534729,1.1353542804718018,-0.675762951374054,-4.59387731552124,-0.8496154546737671,1.6684305667877197,2.179150104522705,1.2309452295303345,0.10141228139400482,-3.0999629497528076,0.18503227829933167,1.4890496730804443,-0.6904734969139099,0.5557689666748047,-0.7845208644866943,-0.6929684281349182,1.1166648864746094,2.052461624145508
3.7316510677337646,1.0934194326400757,0.10034225136041641,-4.642451286315918,-0.548794150352478,2.2268292903900146,1.981746792793274,1.2070003747940063,0.5503243207931519,-3.0891480445861816,0.339529424905777,1.7632791996002197,-0.6897307634353638,0.5632171630859375,-0.7583253383636475,-0.6971517205238342,1.1062393188476562,2.066770076751709
4.074588298797607,1.175532579421997,1.6462023258209229,-4.729001522064209,-0.006173454690724611,3.161802291870117,2.174875497817993,1.2084137201309204,1.42327880859375,-3.198646068572998,0.5319885611534119,2.14920711517334,-0.7137606143951416,0.5342693328857422,-0.7405833005905151,-0.7218428254127502,1.1168174743652344,2.083491086959839
3.9228594303131104,1.1872246265411377,2.2054367065429688,-4.832798004150391,0.2299010157585144,3.532682418823242,2.070538282394409,1.1895405054092407,1.6780064105987549,-3.323782205581665,0.5614036917686462,2.3008968830108643,-0.733119547367096,0.5240516662597656,-0.7140141725540161,-0.6847872138023376,1.092153549194336,2.1081254482269287
3.457832098007202,1.2300828695297241,2.8110134601593018,-4.855317115783691,0.5315539240837097,3.4898009300231934,1.7414511442184448,1.156060814857483,1.875455379486084,-3.369910478591919,0.6080078482627869,2.116229772567749,-0.7507003545761108,0.5785961747169495,-0.5953921675682068,-0.6569741368293762,1.075540542602539,2.245617151260376
3.311141014099121,1.2361654043197632,2.915281057357788,-4.988956928253174,0.5122095942497253,3.216179609298706,1.7370461225509644,1.1031948328018188,1.8094477653503418,-3.464911460876465,0.5865063071250916,1.9166542291641235,-0.775905430316925,0.5655689835548401,-0.6809831261634827,-0.7080482840538025,1.038644790649414,2.133071184158325
3.6064445972442627,1.0433324575424194,1.9417475461959839,-5.2313032150268555,0.12407373636960983,1.9047938585281372,1.8586047887802124,1.0118252038955688,1.3193480968475342,-3.4967098236083984,0.5089725852012634,1.1945703029632568,-0.7678753137588501,0.5591545701026917,-0.7268986105918884,-0.6906005144119263,1.0207862854003906,2.114027738571167
3.5014548301696777,0.9581235647201538,1.1654735803604126,-5.157774925231934,-0.06858755648136139,0.9374547600746155,1.7449373006820679,0.9421192407608032,0.9220088124275208,-3.4373135566711426,0.4786534011363983,0.6946133375167847,-0.7424574494361877,0.5593605637550354,-0.73607337474823,-0.6667988896369934,1.023580551147461,2.0862278938293457
2.8122169971466064,0.6838736534118652,-0.5906335115432739,-4.391138553619385,0.028116807341575623,-0.7772508263587952,1.3672573566436768,0.8684594035148621,0.19196701049804688,-2.948064088821411,0.5070880651473999,-0.03999018669128418,-0.7429854273796082,0.5949497818946838,-0.747401237487793,-0.7096132636070251,1.004526138305664,2.1025466918945312
2.501811981201172,0.6483454704284668,-1.3397319316864014,-3.760056972503662,0.12987186014652252,-1.4534077644348145,1.2344921827316284,0.8385045528411865,-0.2383522093296051,-2.643503189086914,0.5697463154792786,-0.2818388044834137,-0.7589164972305298,0.588935911655426,-0.8161578178405762,-0.7230229377746582,0.9531497955322266,2.0638678073883057
1.5081640481948853,0.6667839884757996,-2.9802379608154297,-2.858431339263916,0.3275073766708374,-2.9251205921173096,1.034711241722107,0.7946374416351318,-1.2202966213226318,-2.379244804382324,0.5882189869880676,-1.1689270734786987,-0.7013900876045227,0.5610694885253906,-0.9653840065002441,-0.753280758857727,0.9166393876075745,1.9265161752700806
0.895496666431427,0.7217614650726318,-3.2106986045837402,-2.277026414871216,0.4373305141925812,-3.1816887855529785,0.8341838121414185,0.8587225079536438,-1.3759304285049438,-2.1493077278137207,0.6336462497711182,-1.3502249717712402,-0.6636797189712524,0.5781040191650391,-0.9719791412353516,-0.785087525844574,0.8716011643409729,1.9101183414459229
0.6988797783851624,0.6962354779243469,-3.2441868782043457,-2.030698537826538,0.546459436416626,-3.2562649250030518,0.7502913475036621,0.8818109631538391,-1.393280267715454,-2.061229944229126,0.6681406497955322,-1.400313138961792,-0.6469377875328064,0.5921821594238281,-0.9362021684646606,-0.7745616436004639,0.8579254746437073,1.9727840423583984
1.0765150785446167,0.6035363674163818,-3.175841808319092,-2.229785203933716,0.5727388858795166,-3.2729177474975586,0.8287318348884583,0.8004034161567688,-1.3499938249588013,-2.1112687587738037,0.6379015445709229,-1.4186928272247314,-0.6447247266769409,0.5983905792236328,-0.9434307217597961,-0.7359481453895569,0.8468056321144104,1.9620288610458374
1.935166358947754,0.27693137526512146,-2.7695116996765137,-2.953146457672119,0.15768659114837646,-2.901461362838745,1.2185471057891846,0.572162389755249,-1.1074923276901245,-2.4771249294281006,0.49401503801345825,-1.1807714700698853,-0.7110669016838074,0.5454845428466797,-0.9715976715087891,-0.702621579170227,0.8469409942626953,1.9393330812454224
2.3492493629455566,0.09152941405773163,-2.3418490886688232,-3.2604405879974365,-0.07906682044267654,-2.6759204864501953,1.418432354927063,0.4868313670158386,-0.854587197303772,-2.7189507484436035,0.36298975348472595,-1.0155624151229858,-0.7188754677772522,0.5498886108398438,-0.972053050994873,-0.707844614982605,0.8596382141113281,1.9124152660369873
3.062985420227051,-0.12126786261796951,-1.3647128343582153,-3.966533660888672,-0.6613783240318298,-1.6167714595794678,1.7921700477600098,0.3140655755996704,-0.16743676364421844,-3.037933588027954,0.15785063803195953,-0.35480403900146484,-0.7808982729911804,0.5385895371437073,-0.8888168334960938,-0.716086208820343,0.9918289184570312,1.9829941987991333
3.4541735649108887,-0.0668264701962471,-0.8068736791610718,-4.237190246582031,-0.7983240485191345,-1.096205234527588,1.980691909790039,0.2944885194301605,0.19959665834903717,-3.1735079288482666,0.09794846922159195,-0.026378052309155464,-0.7749687433242798,0.5323696732521057,-0.8489114046096802,-0.7077564001083374,1.0024662017822266,2.0268044471740723
3.7701363563537598,0.028559988364577293,0.5350977778434753,-4.602047443389893,-0.907894492149353,0.18112970888614655,2.041832685470581,0.40684089064598083,0.921795129776001,-3.257495880126953,0.11299746483564377,0.7029802799224854,-0.7262865304946899,0.5092620849609375,-0.7745495438575745,-0.6781583428382874,1.0192108154296875,2.0573012828826904
3.8683481216430664,0.22674112021923065,1.1920104026794434,-4.718847274780273,-0.846882164478302,0.8875091075897217,2.058082342147827,0.46984633803367615,1.2165392637252808,-3.220303535461426,0.1556362360715866,1.0919053554534912,-0.7410836815834045,0.5006733536720276,-0.7349375486373901,-0.6957531571388245,1.0160350799560547,2.1058456897735596
3.588444232940674,0.4662259519100189,2.4244844913482666,-4.855696201324463,-0.5061371922492981,1.992436408996582,1.8965173959732056,0.6455990076065063,1.738831877708435,-3.2326934337615967,0.2952694296836853,1.6632328033447266,-0.717995285987854,0.5149669647216797,-0.6240903735160828,-0.6430618166923523,1.0049324035644531,2.227189779281616
3.4578697681427,0.6091607809066772,2.831113338470459,-4.872713565826416,-0.3430817723274231,2.4989376068115234,1.8336890935897827,0.7455307245254517,1.9448950290679932,-3.265321969985962,0.35101932287216187,1.8805532455444336,-0.728987455368042,0.5084056854248047,-0.579384446144104,-0.678909957408905,0.9674034118652344,2.24977707862854
3.1667678356170654,0.8369631171226501,3.349268913269043,-4.988618850708008,0.029465394094586372,3.1418399810791016,1.7343612909317017,0.8141266107559204,2.128669261932373,-3.4325690269470215,0.3951077163219452,2.130887508392334,-0.7448456883430481,0.48696330189704895,-0.5100836753845215,-0.6753596663475037,1.009674072265625,2.3166542053222656
3.1482250690460205,0.8573622107505798,3.4551429748535156,-4.975701808929443,0.18866606056690216,3.2176666259765625,1.7389219999313354,0.8184124231338501,2.1970293521881104,-3.4448001384735107,0.41339537501335144,2.1104509830474854,-0.7523465752601624,0.49983981251716614,-0.4474431872367859,-0.6406714916229248,0.9616317749023438,2.401118278503418
3.339789390563965,0.7736295461654663,3.0659704208374023,-5.058507919311523,0.15429183840751648,2.957368850708008,1.835652232170105,0.8066803216934204,1.9641591310501099,-3.533383846282959,0.3316616714000702,1.8504427671432495,-0.7485381364822388,0.4943085014820099,-0.4997435510158539,-0.610160768032074,0.8006134033203125,2.354708194732666
3.5350499153137207,0.6841748952865601,2.6718525886535645,-5.177706718444824,0.05600617825984955,2.576061725616455,1.9683266878128052,0.7270885705947876,1.6995924711227417,-3.596083164215088,0.27698180079460144,1.5951814651489258,-0.7482168078422546,0.5092716813087463,-0.4872114658355713,-0.5900492072105408,0.8314266204833984,2.3840811252593994
3.6432533264160156,0.5223210453987122,2.03631591796875,-5.246150493621826,-0.1399223804473877,1.9857596158981323,1.9595011472702026,0.6459213495254517,1.3914716243743896,-3.5980818271636963,0.24823807179927826,1.2609179019927979,-0.7570096850395203,0.42686083912849426,-0.6048824787139893,-0.6452535390853882,0.8638553619384766,2.2432448863983154
3.3843111991882324,0.42631471157073975,0.49920615553855896,-4.945615291595459,-0.45479708909988403,0.2807139754295349,1.6754086017608643,0.5866810083389282,0.7150629758834839,-3.326171398162842,0.22089427709579468,0.4121056795120239,-0.7161626815795898,0.4113064110279083,-0.6149305105209351,-0.6686552166938782,0.9213714599609375,2.2368571758270264
2.858635663986206,0.16623446345329285,-0.9692457914352417,-3.8202195167541504,-0.16531895101070404,-1.1650190353393555,1.4474098682403564,0.5122277140617371,-0.04930887371301651,-2.6216156482696533,0.36892542243003845,-0.14341306686401367,-0.7109335064888,0.42666247487068176,-0.7046840190887451,-0.6462344527244568,0.8677139282226562,2.152437686920166
2.401535749435425,0.12650445103645325,-1.6181442737579346,-3.390012264251709,-0.05475573241710663,-1.777325987815857,1.3019846677780151,0.5241829752922058,-0.3682285249233246,-2.4797866344451904,0.37743598222732544,-0.4203307330608368,-0.6932346820831299,0.43906405568122864,-0.7418724894523621,-0.6575331687927246,0.8056869506835938,2.1307272911071777
1.4238979816436768,0.31557244062423706,-2.834691047668457,-2.6388745307922363,0.03127511218190193,-2.887118339538574,1.0237200260162354,0.5917508602142334,-1.0591245889663696,-2.215759515762329,0.4038584530353546,-1.1288914680480957,-0.6847990155220032,0.44399645924568176,-0.7826239466667175,-0.6298519968986511,0.8296680450439453,2.110015392303467
0.9666632413864136,0.4086778163909912,-3.015897512435913,-2.2383768558502197,0.17272402346134186,-3.016352891921997,0.8579302430152893,0.6514337062835693,-1.184504508972168,-2.0914077758789062,0.45017266273498535,-1.1918284893035889,-0.6979047656059265,0.46231845021247864,-0.7945071458816528,-0.6165886521339417,0.8487110137939453,2.094132423400879
0.7757535576820374,0.4479215443134308,-3.181001901626587,-2.0070834159851074,0.32738324999809265,-3.1090996265411377,0.7930064797401428,0.6768377423286438,-1.3341827392578125,-2.017172336578369,0.43611547350883484,-1.2517261505126953,-0.6656678915023804,0.4740791618824005,-0.8479428887367249,-0.5837991833686829,0.8583717346191406,2.039641857147217
1.0473029613494873,0.4023778438568115,-3.1571602821350098,-2.2116050720214844,0.23019815981388092,-3.1492879390716553,0.8440935015678406,0.6304700970649719,-1.3253977298736572,-2.0353519916534424,0.3988535404205322,-1.307525634765625,-0.661361575126648,0.47936442494392395,-0.8558270335197449,-0.5757671594619751,0.8477458953857422,2.0488758087158203
1.7343697547912598,0.1443573385477066,-2.8942198753356934,-2.714712619781494,-0.13824430108070374,-2.849721670150757,1.2097902297973633,0.4701363742351532,-1.1892129182815552,-2.279179096221924,0.2652457058429718,-1.128621220588684,-0.7124310731887817,0.48346713185310364,-0.9344398975372314,-0.5907208323478699,0.9244747161865234,1.9331341981887817
2.2390215396881104,0.14780956506729126,-2.576777458190918,-3.0236339569091797,-0.37089309096336365,-2.66403865814209,1.4149903059005737,0.4012829661369324,-1.0021233558654785,-2.547799587249756,0.16267997026443481,-0.9641820788383484,-0.7014651894569397,0.49422648549079895,-0.9419941902160645,-0.5853222608566284,0.9244842529296875,1.930519938468933
3.0188100337982178,-0.15780502557754517,-1.8192869424819946,-3.7375967502593994,-0.9287171363830566,-1.8310370445251465,1.879652500152588,0.22226297855377197,-0.46253132820129395,-2.9176583290100098,-0.05560266971588135,-0.47350525856018066,-0.6820427775382996,0.4836483299732208,-0.938612163066864,-0.5755338668823242,1.0172100067138672,1.8898111581802368
3.432901620864868,-0.154976487159729,-1.2800986766815186,-4.082357883453369,-1.0594229698181152,-1.2714483737945557,2.049191951751709,0.16693267226219177,-0.13707005977630615,-3.084054946899414,-0.12835082411766052,-0.06552670896053314,-0.6859566569328308,0.4802131950855255,-0.924255907535553,-0.5766212940216064,1.0082626342773438,1.9123573303222656
3.795950412750244,-0.20699185132980347,0.0559675395488739,-4.408901214599609,-1.3388561010360718,0.07074573636054993,2.128514528274536,0.2892184853553772,0.569896399974823,-3.1836647987365723,-0.1411796361207962,0.6143707633018494,-0.6384913921356201,0.4451313316822052,-0.9221850633621216,-0.5377928018569946,1.0140705108642578,1.9192357063293457
3.8642096519470215,-0.07877034693956375,0.7403064966201782,-4.506313800811768,-1.294577956199646,0.7386970520019531,2.1104352474212646,0.4090286195278168,0.9168821573257446,-3.1648359298706055,-0.09573515504598618,0.9143703579902649,-0.6343644857406616,0.46390533447265625,-0.8176306486129761,-0.567330002784729,1.073598861694336,2.0052061080932617
3.8107852935791016,0.12821513414382935,1.9529057741165161,-4.703542709350586,-1.0052350759506226,1.860593557357788,2.0718743801116943,0.4553409516811371,1.3915659189224243,-3.197610378265381,0.061203405261039734,1.5165525674819946,-0.6269804835319519,0.48125648498535156,-0.724407434463501,-0.5567055344581604,1.1101951599121094,2.1000850200653076
3.761012554168701,0.2746613621711731,2.4162349700927734,-4.7139458656311035,-0.8348992466926575,2.2970187664031982,2.117523431777954,0.5178027749061584,1.5573277473449707,-3.198289155960083,0.0986580103635788,1.6726690530776978,-0.6257566213607788,0.4683647155761719,-0.7111576199531555,-0.5717946887016296,1.0977954864501953,2.1163110733032227
3.3594982624053955,0.29644906520843506,2.8188657760620117,-4.7633562088012695,-0.5389235615730286,2.894258737564087,1.9716577529907227,0.5495468378067017,1.6415164470672607,-3.24570631980896,0.1353725641965866,1.8730390071868896,-0.6543675661087036,0.44205477833747864,-0.691604733467102,-0.6076920628547668,1.096710205078125,2.1201493740081787
3.3959977626800537,0.3528798818588257,2.889662265777588,-4.756875038146973,-0.43633970618247986,2.9214634895324707,2.0284924507141113,0.5722938776016235,1.6472954750061035,-3.2695815563201904,0.10904353111982346,1.7906036376953125,-0.6531790494918823,0.4469776451587677,-0.6725379824638367,-0.6060871481895447,1.0875167846679688,2.159383773803711
3.6177115440368652,0.15464529395103455,2.4202687740325928,-4.9357991218566895,-0.5423234105110168,2.3317203521728516,2.1300787925720215,0.45704036951065063,1.374409794807434,-3.335634708404541,-0.006513173226267099,1.423643946647644,-0.6539644002914429,0.4431762993335724,-0.6683266162872314,-0.5966974496841431,1.0899429321289062,2.1566364765167236
3.791928291320801,0.025643648579716682,1.8457854986190796,-5.069372653961182,-0.6940291523933411,1.7344176769256592,2.148270606994629,0.3910079598426819,1.122920036315918,-3.396059989929199,-0.055402323603630066,1.0685136318206787,-0.6577121615409851,0.4603157341480255,-0.6627734899520874,-0.6057939529418945,1.0933208465576172,2.1650912761688232
3.263166666030884,-0.23603497445583344,0.09864364564418793,-4.693953990936279,-0.9058545231819153,0.12342856079339981,1.6655540466308594,0.40011945366859436,0.3392249345779419,-3.1408307552337646,0.016910945996642113,0.2271709144115448,-0.676984965801239,0.4423981010913849,-0.7806565761566162,-0.6395882368087769,1.0093021392822266,2.040242910385132
2.9090466499328613,-0.1512017697095871,-0.5840813517570496,-4.1651434898376465,-0.5645536780357361,-0.6758673191070557,1.4500386714935303,0.4528805613517761,0.02931884676218033,-2.778862476348877,0.22026477754116058,-0.06002839654684067,-0.6939319968223572,0.4396992027759552,-0.7919636368751526,-0.6462645530700684,0.9461612701416016,2.0374927520751953
1.9184203147888184,0.08391343057155609,-1.9978127479553223,-3.322505474090576,-0.10458904504776001,-2.165832281112671,1.183199405670166,0.5784242153167725,-0.5408755540847778,-2.508983612060547,0.3374789357185364,-0.7086485028266907,-0.6675618290901184,0.431247740983963,-0.8076996803283691,-0.6488201022148132,1.0009002685546875,2.0336856842041016
1.4754154682159424,0.2559811472892761,-2.4010517597198486,-2.8319931030273438,0.2779926061630249,-2.7917792797088623,1.0188870429992676,0.6538102626800537,-0.7611395120620728,-2.35555100440979,0.4983389675617218,-1.059154748916626,-0.6667136549949646,0.4087696373462677,-0.8449453115463257,-0.6466582417488098,0.9591846466064453,2.010502576828003
0.7755482196807861,0.8150117993354797,-3.147596836090088,-2.074531316757202,0.9938223361968994,-3.100243091583252,0.7569992542266846,0.8897302746772766,-1.298384428024292,-2.062431573867798,0.8110678195953369,-1.2566370964050293,-0.6643418669700623,0.38681986927986145,-0.8521066904067993,-0.6319475173950195,0.8910408020019531,2.015890121459961
0.7028282880783081,1.0831677913665771,-3.2242119312286377,-1.9399093389511108,1.355724573135376,-3.0603084564208984,0.6608847379684448,0.8960264325141907,-1.380600929260254,-2.1512227058410645,0.8641397953033447,-1.292515516281128,-0.6735188364982605,0.3826160728931427,-0.8616212606430054,-0.621167004108429,0.8554496765136719,2.0095605850219727
0.8352893590927124,1.0472981929779053,-3.2746667861938477,-2.090407371520996,1.3549692630767822,-3.161484718322754,0.8046039342880249,0.9029520153999329,-1.4192743301391602,-2.0525336265563965,0.9533159732818604,-1.3462508916854858,-0.6553052067756653,0.3702297508716583,-0.9070634245872498,-0.6369925737380981,0.8468074798583984,1.9539679288864136
1.1777138710021973,0.7695977687835693,-3.116331100463867,-2.157282590866089,1.1762144565582275,-3.147367477416992,0.8644766807556152,0.8330628871917725,-1.3168622255325317,-2.2271392345428467,0.870769739151001,-1.314619779586792,-0.6495912671089172,0.36203959584236145,-0.9269895553588867,-0.6418237686157227,0.8597850799560547,1.934382438659668
1.9410722255706787,0.19848023355007172,-2.4180712699890137,-2.774341106414795,0.4196113049983978,-2.955162763595581,1.1150479316711426,0.6417233943939209,-0.9095088243484497,-2.3064842224121094,0.5984556674957275,-1.2109981775283813,-0.6212375164031982,0.37274169921875,-0.8974634408950806,-0.6425020694732666,0.9210700988769531,1.9601343870162964
2.358750581741333,9.111547842621803e-05,-2.119307279586792,-3.1662590503692627,0.014677444472908974,-2.7169675827026367,1.352537751197815,0.5049187541007996,-0.7509734630584717,-2.5235538482666016,0.426929771900177,-1.0684727430343628,-0.6254480481147766,0.37719154357910156,-0.8878871202468872,-0.6455663442611694,0.9238567352294922,1.9736005067825317
2.9870638847351074,-0.4006801247596741,-1.150960087776184,-3.891916513442993,-0.8770918846130371,-1.8671917915344238,1.646730899810791,0.27940717339515686,-0.25995421409606934,-2.943206787109375,0.05459059029817581,-0.630677342414856,-0.7049165368080139,0.3854980766773224,-0.8078937530517578,-0.6468993425369263,1.0003108978271484,2.0109198093414307
3.2564620971679688,-0.45386943221092224,-0.6501150131225586,-4.150822162628174,-1.1709874868392944,-1.3695783615112305,1.7861652374267578,0.256473183631897,0.027400881052017212,-3.1570703983306885,-0.08567579835653305,-0.2555769085884094,-0.7081412672996521,0.3841400444507599,-0.7897049188613892,-0.6446458697319031,1.0036907196044922,2.0352814197540283
3.6535000801086426,-0.3003927767276764,0.573649525642395,-4.488751411437988,-1.3603118658065796,0.04649440199136734,1.985992431640625,0.27848777174949646,0.7320364713668823,-3.285388469696045,-0.12773281335830688,0.5273927450180054,-0.7183388471603394,0.4019069969654083,-0.6839167475700378,-0.6600403189659119,1.0899238586425781,2.127592086791992
3.8220467567443848,-0.08285969495773315,1.1782528162002563,-4.570096969604492,-1.2044814825057983,0.72185218334198,2.0365850925445557,0.27291449904441833,1.0624687671661377,-3.19820237159729,-0.07772977650165558,0.8928431272506714,-0.7199273109436035,0.40229418873786926,-0.6951385736465454,-0.6489980816841125,1.0354461669921875,2.1144065856933594
3.7798819541931152,0.2668355107307434,2.3054771423339844,-4.835724830627441,-0.9312651753425598,1.8945508003234863,2.017369508743286,0.4906669557094574,1.6456555128097534,-3.2706642150878906,0.012457306496798992,1.5610350370407104,-0.6878165602684021,0.42564013600349426,-0.6053869724273682,-0.683589518070221,1.0173702239990234,2.2220168113708496
3.6482906341552734,0.4339192807674408,2.7459311485290527,-4.93123197555542,-0.6995461583137512,2.427637815475464,1.9688987731933594,0.5872646570205688,1.8394498825073242,-3.343463659286499,0.05509418994188309,1.7438132762908936,-0.6884589791297913,0.4232693016529083,-0.5917150974273682,-0.694226086139679,1.0150432586669922,2.235658645629883
3.4300413131713867,0.7240060567855835,3.288792133331299,-4.842920780181885,-0.23790103197097778,2.895772695541382,1.9964300394058228,0.6762367486953735,1.988053798675537,-3.3209261894226074,0.12572520971298218,1.8134163618087769,-0.7061458230018616,0.4240742027759552,-0.6144676208496094,-0.6605428457260132,0.9531917572021484,2.2067551612854004
3.4211654663085938,0.676993727684021,3.0947012901306152,-4.835357189178467,-0.1825154423713684,2.7739598751068115,1.9709659814834595,0.6869808435440063,1.833950400352478,-3.303069829940796,0.16582530736923218,1.7062073945999146,-0.7113116979598999,0.4293728172779083,-0.6297330856323242,-0.6737778186798096,0.9901332855224609,2.210233688354492
3.665677547454834,0.4819882810115814,2.0028815269470215,-5.199041366577148,-0.3527977466583252,1.8028278350830078,1.96620774269104,0.4848819673061371,1.2474297285079956,-3.4688520431518555,0.08738752454519272,1.090324878692627,-0.6862779259681702,0.4348907768726349,-0.6509279012680054,-0.6392563581466675,1.0112838745117188,2.1962616443634033
3.5289511680603027,0.2743581235408783,1.2472331523895264,-5.1826372146606445,-0.5217926502227783,0.9989960193634033,1.8151662349700928,0.4787250757217407,0.9022365808486938,-3.4095377922058105,0.043489888310432434,0.6165529489517212,-0.6894769668579102,0.4440307915210724,-0.7140589356422424,-0.6518738269805908,0.9619770050048828,2.121647834777832
2.9557671546936035,0.14115281403064728,-0.5166059136390686,-4.2999396324157715,-0.504604697227478,-0.8917113542556763,1.481804370880127,0.5338284373283386,0.18676230311393738,-2.92047381401062,0.18623578548431396,-0.16857461631298065,-0.7430338263511658,0.4451599419116974,-0.8390712738037109,-0.6417117714881897,0.8525066375732422,2.025177001953125
2.6217167377471924,0.18562841415405273,-1.2755975723266602,-3.776381731033325,-0.33084821701049805,-1.54641854763031,1.3770458698272705,0.5077969431877136,-0.18876595795154572,-2.652125835418701,0.2650187909603119,-0.427877277135849,-0.7358079552650452,0.4690113365650177,-0.8538026809692383,-0.6578466296195984,0.7941951751708984,2.0227644443511963
1.6216154098510742,0.09233632683753967,-2.747476100921631,-2.857544183731079,-0.10627139359712601,-2.872072219848633,1.1061173677444458,0.45477843284606934,-1.0618126392364502,-2.352414846420288,0.2811415493488312,-1.1493728160858154,-0.6870622634887695,0.4620952904224396,-0.9468409419059753,-0.6984215974807739,0.7138385772705078,1.9490766525268555
1.190841794013977,0.13650104403495789,-3.0544686317443848,-2.4245738983154297,0.0020983684808015823,-3.14493989944458,0.942538321018219,0.5334889888763428,-1.2716834545135498,-2.150871753692627,0.32067322731018066,-1.3411539793014526,-0.662527322769165,0.45258334279060364,-0.98774254322052,-0.674389123916626,0.750152587890625,1.9141186475753784
0.7083423733711243,0.01893024705350399,-3.2549550533294678,-2.017122983932495,0.05736945569515228,-3.2834079265594482,0.748035728931427,0.4589402973651886,-1.4485011100769043,-2.027165651321411,0.31907105445861816,-1.4415669441223145,-0.6900839805603027,0.48549655079841614,-0.9099184274673462,-0.6954843997955322,0.7069187164306641,1.99274480342865
1.122763752937317,-0.03157449886202812,-3.139556646347046,-2.2704858779907227,-0.005157209001481533,-3.1778759956359863,0.7579727172851562,0.3990648090839386,-1.3827307224273682,-2.047691583633423,0.29152703285217285,-1.3592641353607178,-0.6824514269828796,0.5050697326660156,-0.836726188659668,-0.6710367798805237,0.7491207122802734,2.0798916816711426
1.920998215675354,-0.23765982687473297,-2.3599512577056885,-3.0879838466644287,-0.33430442214012146,-2.698763608932495,1.1272153854370117,0.3202493190765381,-0.8918601870536804,-2.384152412414551,0.149645134806633,-1.111567497253418,-0.7334126830101013,0.5007190704345703,-0.8872145414352417,-0.672985851764679,0.6976051330566406,1.9976602792739868
2.363852024078369,-0.3149819076061249,-1.9604363441467285,-3.5161263942718506,-0.6389899253845215,-2.2996034622192383,1.3049358129501343,0.2525574862957001,-0.6636870503425598,-2.613466501235962,0.07387574017047882,-0.930433988571167,-0.7261690497398376,0.4998035728931427,-0.8838050961494446,-0.6614378094673157,0.7543277740478516,2.0007131099700928
3.074522018432617,-0.522029459476471,-0.9424384832382202,-4.3690690994262695,-0.981685996055603,-1.3202378749847412,1.7075538635253906,0.18176807463169098,-0.10776959359645844,-3.1012208461761475,-0.07800444960594177,-0.356601744890213,-0.711431086063385,0.46826937794685364,-0.8567584753036499,-0.6627310514450073,0.7828178405761719,2.0299770832061768
3.4644575119018555,-0.35730230808258057,-0.45393556356430054,-4.571330547332764,-1.0220531225204468,-0.6796753406524658,1.9000320434570312,0.20148049294948578,0.16240759193897247,-3.2124557495117188,-0.08065564930438995,0.0029762720223516226,-0.7182250618934631,0.5101528167724609,-0.6936904788017273,-0.6710489392280579,0.9458160400390625,2.175490379333496
3.9090352058410645,-0.07394857704639435,0.7747758626937866,-4.9343767166137695,-0.9227803349494934,0.5216001272201538,2.124469518661499,0.30419692397117615,0.8159633874893188,-3.3680741786956787,-0.0435367114841938,0.6891055107116699,-0.6951437592506409,0.49818041920661926,-0.7173612117767334,-0.6835068464279175,0.9430599212646484,2.141249656677246
3.9812655448913574,0.16510704159736633,1.753929853439331,-5.173238277435303,-0.6814405918121338,1.5560274124145508,2.1367969512939453,0.4067111611366272,1.3873307704925537,-3.47900128364563,0.061850037425756454,1.289124608039856,-0.6953436136245728,0.4870777428150177,-0.6698801517486572,-0.6682903170585632,0.9251651763916016,2.1828997135162354
4.007349014282227,0.3503125011920929,2.126903772354126,-5.243767738342285,-0.5784475803375244,1.9428211450576782,2.15643310546875,0.46189266443252563,1.5718662738800049,-3.5447280406951904,0.12081954628229141,1.5023930072784424,-0.6696102619171143,0.5046463012695312,-0.6138647794723511,-0.6481558084487915,0.9245681762695312,2.2612390518188477
3.978161334991455,0.6084416508674622,2.5626862049102783,-5.311357498168945,-0.3457462787628174,2.4262304306030273,2.1549813747406006,0.5409522652626038,1.825825572013855,-3.6307451725006104,0.17127083241939545,1.724381446838379,-0.662248969078064,0.4927578270435333,-0.6241856217384338,-0.6595728993415833,0.92645263671875,2.2493343353271484
3.950876235961914,0.5898469090461731,2.5210518836975098,-5.375820636749268,-0.2736179530620575,2.4569313526153564,2.152355670928955,0.5256839394569397,1.7639070749282837,-3.65165376663208,0.15511560440063477,1.7074978351593018,-0.665727436542511,0.4933185875415802,-0.6409565210342407,-0.6334755420684814,0.9322547912597656,2.2136435508728027
4.08548641204834,0.37407997250556946,1.871863842010498,-5.379222393035889,-0.39473745226860046,1.7677032947540283,2.2510833740234375,0.4605308175086975,1.3687934875488281,-3.5610604286193848,0.12865303456783295,1.2692540884017944,-0.6730446219444275,0.46826937794685364,-0.7098270654678345,-0.6669944524765015,0.9603462219238281,2.1150400638580322
4.137768745422363,0.267899751663208,1.3493753671646118,-5.306970119476318,-0.5526344776153564,1.1213507652282715,2.2986602783203125,0.4438052773475647,1.0765610933303833,-3.512824058532715,0.12177512049674988,0.9175617694854736,-0.662780225276947,0.4791698753833771,-0.7271900177001953,-0.6390250325202942,0.9625301361083984,2.1236343383789062
3.6542506217956543,0.0394795760512352,0.5358985662460327,-5.154331207275391,-0.6760551929473877,0.40656226873397827,1.9477519989013672,0.3514572083950043,0.7035925984382629,-3.4410483837127686,0.11254163831472397,0.5278749465942383,-0.6784693002700806,0.4915771782398224,-0.7258797287940979,-0.6533835530281067,0.941741943359375,2.1340479850769043
2.8409175872802734,-0.16607335209846497,-0.9652772545814514,-4.539262294769287,-0.7051824331283569,-1.2789779901504517,1.5533854961395264,0.37890973687171936,-0.014845460653305054,-3.174800157546997,0.10443345457315445,-0.32815930247306824,-0.6680625081062317,0.5409450531005859,-0.7030909061431885,-0.6381641626358032,0.9571056365966797,2.152411460876465
1.7966294288635254,-0.11984287947416306,-2.1906344890594482,-3.460409641265869,-0.32902100682258606,-2.5482261180877686,1.1754916906356812,0.4671628177165985,-0.6713428497314453,-2.658107042312622,0.2313903123140335,-0.9899395704269409,-0.7000405192375183,0.5457611083984375,-0.8410438299179077,-0.6494678854942322,0.9283218383789062,2.022517681121826
1.3924065828323364,-0.06941824406385422,-2.7947745323181152,-2.8871798515319824,-0.09146082401275635,-2.8641273975372314,0.9990436434745789,0.44982123374938965,-1.08912992477417,-2.3460419178009033,0.3179533779621124,-1.1442780494689941,-0.6960085034370422,0.5538501739501953,-0.8480504155158997,-0.6462540030479431,0.9251537322998047,2.0578577518463135
0.7232885956764221,0.008149910718202591,-3.196366786956787,-2.016847848892212,0.11823295056819916,-3.153482437133789,0.721531331539154,0.46558934450149536,-1.3959298133850098,-1.9313695430755615,0.37871381640434265,-1.3153302669525146,-0.7260974645614624,0.5486888885498047,-0.9118792414665222,-0.6254743337631226,0.9433383941650391,1.9639939069747925
0.729254424571991,-0.06618137657642365,-3.192417860031128,-2.009619951248169,0.07000182569026947,-3.2065229415893555,0.7240660786628723,0.4384954571723938,-1.4013934135437012,-2.0011940002441406,0.410204142332077,-1.377274513244629,-0.7289062142372131,0.5594158172607422,-0.9055188894271851,-0.618756890296936,0.9293231964111328,1.9702534675598145
1.5122953653335571,-0.25983840227127075,-2.7902607917785645,-2.852517604827881,-0.07972873002290726,-3.05841326713562,0.9725079536437988,0.360278844833374,-1.1801412105560303,-2.1245534420013428,0.3348257541656494,-1.351772665977478,-0.7383022904396057,0.571775496006012,-0.9665265679359436,-0.5934682488441467,0.9466934204101562,1.904643177986145
1.923308253288269,-0.4462798833847046,-2.427783250808716,-3.274238109588623,-0.24792629480361938,-2.813211679458618,1.1538218259811401,0.2850644290447235,-1.0133752822875977,-2.4029173851013184,0.270859032869339,-1.1950446367263794,-0.764895498752594,0.5813542008399963,-0.9556300640106201,-0.5822533369064331,0.9232292175292969,1.920014500617981
2.6315760612487793,-0.5899825096130371,-1.6674222946166992,-4.180836200714111,-0.633671224117279,-2.0120363235473633,1.4793670177459717,0.130595862865448,-0.5965371131896973,-2.912217140197754,0.07434499263763428,-0.8134457468986511,-0.7113298773765564,0.5471420288085938,-0.943664014339447,-0.6262355446815491,0.9834766387939453,1.9094027280807495
2.904256582260132,-0.6624513268470764,-1.1294231414794922,-4.47298526763916,-0.7671865224838257,-1.4473963975906372,1.6102161407470703,0.1349426805973053,-0.27088120579719543,-3.0769410133361816,0.0022224446292966604,-0.4746222198009491,-0.7474426627159119,0.5339565873146057,-0.8977606296539307,-0.6127540469169617,1.0594062805175781,1.9453328847885132
3.3962485790252686,-0.6123625040054321,-0.07306641340255737,-4.906454563140869,-0.8582013249397278,-0.2228900045156479,1.8470826148986816,0.16894114017486572,0.2998676300048828,-3.3381454944610596,-0.017518574371933937,0.17608216404914856,-0.7465507984161377,0.4911499321460724,-0.8668374419212341,-0.6134732961654663,1.0670223236083984,1.983492136001587
3.6456665992736816,-0.47290483117103577,0.46174460649490356,-5.0715532302856445,-0.8381941914558411,0.4001372754573822,1.970435619354248,0.14038048684597015,0.5870358347892761,-3.421534776687622,-0.00509027810767293,0.5396703481674194,-0.7326845526695251,0.5225009918212891,-0.7459744811058044,-0.6071856021881104,1.1399898529052734,2.088705062866211
3.9362387657165527,-0.08121367543935776,1.517057180404663,-5.235032081604004,-0.6212799549102783,1.4123122692108154,2.1387927532196045,0.2582431435585022,1.1833879947662354,-3.513667106628418,0.09518668055534363,1.1466903686523438,-0.7150343060493469,0.4916572868824005,-0.7120453119277954,-0.6390088796615601,1.092193603515625,2.110288381576538
3.952998638153076,0.05351380258798599,1.9245128631591797,-5.286815166473389,-0.4887421131134033,1.8581669330596924,2.1580655574798584,0.3488383889198303,1.4080674648284912,-3.5392541885375977,0.13611838221549988,1.354477882385254,-0.711127519607544,0.48470500111579895,-0.6810250878334045,-0.6292076110839844,1.0944328308105469,2.1485652923583984
3.90725040435791,0.35750892758369446,2.4341259002685547,-5.188106536865234,-0.27989888191223145,2.358483076095581,2.1192378997802734,0.501704752445221,1.6773706674575806,-3.477316379547119,0.22884222865104675,1.6516809463500977,-0.7189818024635315,0.4763946831226349,-0.673912763595581,-0.6591765284538269,1.027822494506836,2.162351608276367
3.890449047088623,0.4076893925666809,2.4524333477020264,-5.226480960845947,-0.16607213020324707,2.408843755722046,2.1057016849517822,0.4943290650844574,1.710397481918335,-3.5431370735168457,0.26648566126823425,1.6016113758087158,-0.7144356966018677,0.4565296471118927,-0.6428333520889282,-0.6457096338272095,1.127553939819336,2.1777291297912598
3.957505702972412,0.2553417980670929,2.0847671031951904,-5.259457111358643,-0.2199718952178955,1.962630033493042,2.145272731781006,0.42977291345596313,1.4687645435333252,-3.556718587875366,0.2189926952123642,1.3453881740570068,-0.7102147936820984,0.4892731010913849,-0.6178528070449829,-0.6544673442840576,1.0781745910644531,2.23152756690979
3.7692642211914062,0.09916812926530838,1.4838597774505615,-5.243536949157715,-0.3140594959259033,1.435416340827942,1.9965617656707764,0.4362998902797699,1.2153922319412231,-3.5052666664123535,0.21876761317253113,1.0930596590042114,-0.6847165822982788,0.47710421681404114,-0.6645548343658447,-0.6862444281578064,1.0391597747802734,2.173524856567383
3.3091800212860107,-0.022989854216575623,0.28972750902175903,-5.0791144371032715,-0.5465757846832275,0.1229487732052803,1.6787903308868408,0.4380756914615631,0.5778077840805054,-3.4317643642425537,0.20248456299304962,0.3377354145050049,-0.6967713236808777,0.48040392994880676,-0.7031769752502441,-0.6485125422477722,1.0080223083496094,2.136190176010132
3.036256790161133,-0.029844824224710464,-0.3987339437007904,-4.733201503753662,-0.5179236531257629,-0.735436737537384,1.5395798683166504,0.45344892144203186,0.2850048840045929,-3.2277050018310547,0.2000393122434616,-0.06705455482006073,-0.7018058896064758,0.49766162037849426,-0.7616066932678223,-0.6219801306724548,1.012502670288086,2.0913782119750977
2.4364380836486816,-0.046905968338251114,-1.7721445560455322,-3.7161717414855957,-0.09283590316772461,-1.7827014923095703,1.4066336154937744,0.4459778666496277,-0.4681544899940491,-2.604865074157715,0.3731711506843567,-0.5239952802658081,-0.6940826177597046,0.5080165863037109,-0.9113556742668152,-0.6242373585700989,0.8959026336669922,1.947247862815857
1.9856064319610596,0.00959549006074667,-2.2595760822296143,-3.3604636192321777,0.00041432096622884274,-2.2653727531433105,1.2830637693405151,0.48671695590019226,-0.7494419813156128,-2.446345090866089,0.4306548237800598,-0.8288640975952148,-0.6705706715583801,0.5168781280517578,-0.9552926421165466,-0.6387054324150085,0.8553867340087891,1.9188127517700195
1.461785912513733,0.33741921186447144,-3.0979599952697754,-2.919032573699951,0.1736987829208374,-3.2190301418304443,1.0034081935882568,0.5307652950286865,-1.3235716819763184,-2.354323387145996,0.4636862576007843,-1.462763786315918,-0.6991315484046936,0.54229736328125,-1.0182199478149414,-0.6320990324020386,0.8687343597412109,1.8727349042892456
1.3093798160552979,0.2481362372636795,-3.1493191719055176,-2.8222241401672363,0.11312709748744965,-3.3349955081939697,0.8975369334220886,0.5155675411224365,-1.3711004257202148,-2.3405497074127197,0.4388029873371124,-1.555374264717102,-0.705893874168396,0.5421772003173828,-1.0362226963043213,-0.6319832801818848,0.9094200134277344,1.849347472190857
1.7791857719421387,0.14320529997348785,-2.970264196395874,-3.1038899421691895,-0.1866355836391449,-2.912642002105713,1.173034429550171,0.46440669894218445,-1.2750606536865234,-2.379185199737549,0.3571799099445343,-1.3076207637786865,-0.720734715461731,0.5713558197021484,-0.9900970458984375,-0.5985202193260193,0.931182861328125,1.8923218250274658
2.1032538414001465,0.017762739211320877,-2.639265298843384,-3.2960002422332764,-0.3705440163612366,-2.4143340587615967,1.2799289226531982,0.4457032382488251,-1.0913220643997192,-2.4663519859313965,0.26929694414138794,-0.9860169887542725,-0.716130793094635,0.5619049072265625,-1.0068528652191162,-0.601415753364563,0.9409656524658203,1.857379674911499
2.8010897636413574,-0.21481946110725403,-1.7180120944976807,-3.90618634223938,-0.6762613654136658,-1.3653206825256348,1.6114397048950195,0.3953796923160553,-0.5952833890914917,-2.707735538482666,0.1468242108821869,-0.44341281056404114,-0.7033841609954834,0.5672760009765625,-0.9449896812438965,-0.6064923405647278,1.0068016052246094,1.9089252948760986
3.0775866508483887,-0.09992463141679764,-1.176386833190918,-4.239480018615723,-0.8567623496055603,-0.8837540149688721,1.6763951778411865,0.38269200921058655,-0.2698272168636322,-2.9536502361297607,0.05168188363313675,-0.15476764738559723,-0.7129361629486084,0.5644187927246094,-0.8989551067352295,-0.5965399742126465,1.0139713287353516,1.9644019603729248
3.3771066665649414,-0.0017343709478154778,-0.6401492357254028,-4.48792839050293,-0.9586814641952515,-0.27030253410339355,1.815650224685669,0.4392505884170532,0.02488900162279606,-3.123692035675049,0.025974664837121964,0.17242303490638733,-0.7183759808540344,0.5451469421386719,-0.8227221965789795,-0.5973629951477051,1.0070381164550781,2.03035831451416
3.786104679107666,0.28306514024734497,0.44469383358955383,-4.740766525268555,-0.8615792393684387,0.9316259622573853,2.0412535667419434,0.5492396950721741,0.6108469367027283,-3.2228705883026123,0.08485834300518036,0.8739893436431885,-0.6373694539070129,0.5421199798583984,-0.74758380651474,-0.6291735172271729,1.0879650115966797,2.0919508934020996
4.034440517425537,0.5628693103790283,0.9563474655151367,-4.951168537139893,-0.6913664937019348,1.4596147537231445,2.1997673511505127,0.6535983681678772,0.9489866495132446,-3.3308968544006348,0.1249813511967659,1.1601065397262573,-0.649528980255127,0.5252113342285156,-0.7097717523574829,-0.5743409395217896,1.0941543579101562,2.1271331310272217
4.111935138702393,0.932969331741333,1.8975486755371094,-4.964402675628662,-0.3708575367927551,2.379533529281616,2.2728254795074463,0.8292937874794006,1.4721789360046387,-3.360431671142578,0.2705082297325134,1.7050479650497437,-0.6614008545875549,0.5291194915771484,-0.6859325766563416,-0.6069672107696533,1.0869998931884766,2.1574437618255615
4.110467910766602,1.1562397480010986,2.2450828552246094,-4.909461975097656,-0.23821574449539185,2.6833324432373047,2.2799437046051025,0.9195438027381897,1.6897177696228027,-3.328155040740967,0.3374485373497009,1.8909162282943726,-0.6631691455841064,0.5362129211425781,-0.6689549088478088,-0.5913447737693787,1.0849323272705078,2.178879976272583
4.1731061935424805,1.3750221729278564,2.640223503112793,-5.0353827476501465,-0.037501610815525055,2.9238667488098145,2.3375704288482666,1.0651907920837402,1.804771900177002,-3.4100494384765625,0.38706061244010925,2.0499541759490967,-0.6656787991523743,0.5461311340332031,-0.6625144481658936,-0.5810244083404541,1.0252113342285156,2.1734778881073
4.230313301086426,1.4299194812774658,2.507796287536621,-5.119692802429199,-0.05518462508916855,2.833962917327881,2.3197057247161865,1.0249896049499512,1.8016518354415894,-3.4526901245117188,0.37428900599479675,1.998956322669983,-0.6590582132339478,0.554351806640625,-0.651546835899353,-0.5614098906517029,1.0678577423095703,2.1978299617767334
4.290041446685791,1.0816376209259033,1.9632728099822998,-5.078927516937256,-0.3024018108844757,2.149695873260498,2.3451812267303467,0.8689437508583069,1.4006447792053223,-3.3949007987976074,0.2989601492881775,1.518082857131958,-0.6615515947341919,0.5333919525146484,-0.7052503824234009,-0.5477541089057922,1.087869644165039,2.1342148780822754
3.8776025772094727,0.7977612614631653,1.2959330081939697,-5.173664569854736,-0.38578155636787415,1.6150448322296143,1.9973796606063843,0.853284478187561,1.077915906906128,-3.440389394760132,0.25384756922721863,1.2406543493270874,-0.6708707809448242,0.5329360961914062,-0.7456644773483276,-0.516301691532135,1.0333385467529297,2.0921177864074707
3.7793188095092773,0.5439236760139465,0.7794283628463745,-5.123851299285889,-0.5317471027374268,0.9970555305480957,1.9724425077438354,0.7466083765029907,0.71809983253479,-3.4166669845581055,0.1979355365037918,0.8501747250556946,-0.6581444144248962,0.5413608551025391,-0.7784786224365234,-0.4935368001461029,1.018239974975586,2.058035373687744
3.3349289894104004,0.35208261013031006,-0.6051313281059265,-4.671044826507568,-0.6444772481918335,-0.5162677764892578,1.7736109495162964,0.652927041053772,0.05291197448968887,-3.205737829208374,0.17391245067119598,0.018889104947447777,-0.6238604784011841,0.5702972412109375,-0.8467329144477844,-0.5605052709579468,1.0050525665283203,2.0288684368133545
2.462941884994507,0.2857051193714142,-1.7951924800872803,-3.619741439819336,-0.22260047495365143,-1.6351690292358398,1.4056493043899536,0.661845862865448,-0.4766533076763153,-2.523669719696045,0.3718779683113098,-0.4699947237968445,-0.6120558381080627,0.5817470550537109,-0.9468499422073364,-0.5417357683181763,0.9618053436279297,1.9261575937271118
2.0563879013061523,0.3206973969936371,-2.4659018516540527,-3.2501988410949707,-0.11595303565263748,-2.22411847114563,1.3475978374481201,0.6520935893058777,-0.8914715051651001,-2.3807544708251953,0.3861429989337921,-0.8150341510772705,-0.6282676458358765,0.5776596069335938,-1.038041353225708,-0.5228657126426697,0.9395599365234375,1.8420969247817993
1.3791956901550293,0.44613808393478394,-3.2336955070495605,-2.734335422515869,-0.03314366564154625,-3.208095073699951,1.0014225244522095,0.6590268611907959,-1.4367125034332275,-2.2182421684265137,0.3494265377521515,-1.4499760866165161,-0.6323103904724121,0.5890026092529297,-1.0562918186187744,-0.5227648019790649,0.9436855316162109,1.8409806489944458
1.2612942457199097,0.4588010013103485,-3.0164685249328613,-2.6575675010681152,-0.018050827085971832,-3.349069356918335,0.888041079044342,0.6891248226165771,-1.2953109741210938,-2.1632959842681885,0.3199598789215088,-1.5426914691925049,-0.6808545589447021,0.6088695526123047,-1.073943018913269,-0.5128528475761414,0.9877967834472656,1.8145424127578735
1.5829906463623047,0.046579040586948395,-2.926687717437744,-2.836299419403076,-0.4286113977432251,-3.2223060131073,1.041692852973938,0.5250985622406006,-1.2933908700942993,-2.2648231983184814,0.15692546963691711,-1.492085337638855,-0.7052770256996155,0.6507301330566406,-0.9672095775604248,-0.4786287546157837,1.0445384979248047,1.9016224145889282
1.8920308351516724,-0.19754256308078766,-2.703850507736206,-3.110058307647705,-0.7734418511390686,-2.8863940238952637,1.1922826766967773,0.40817806124687195,-1.178817629814148,-2.357111692428589,0.038559235632419586,-1.3271052837371826,-0.6701686978340149,0.63848876953125,-1.0320687294006348,-0.5071390867233276,1.014638900756836,1.8514580726623535
2.5702016353607178,-0.5332207679748535,-1.877455711364746,-3.4622607231140137,-1.2291550636291504,-1.7525475025177002,1.4995808601379395,0.24188582599163055,-0.6959236860275269,-2.5327510833740234,-0.11386269330978394,-0.7032148838043213,-0.6398645043373108,0.5814189910888672,-1.0352290868759155,-0.5510905981063843,1.045328140258789,1.8247015476226807
2.7834548950195312,-0.6710209846496582,-1.4259017705917358,-3.6709330081939697,-1.36366605758667,-1.2799404859542847,1.609673023223877,0.18531957268714905,-0.43609365820884705,-2.679145097732544,-0.17898336052894592,-0.421398401260376,-0.6276143789291382,0.5620555877685547,-1.0164055824279785,-0.5691028833389282,1.13922119140625,1.8178811073303223
3.079638957977295,-0.7197642922401428,-0.9028118848800659,-3.898928165435791,-1.5200915336608887,-0.7439795732498169,1.7547321319580078,0.1503235250711441,-0.17504093050956726,-2.791447639465332,-0.2774941027164459,-0.17077378928661346,-0.6195054650306702,0.5813350677490234,-0.9122774600982666,-0.577582061290741,1.2410736083984375,1.9131320714950562
3.7859573364257812,-0.44659489393234253,0.10916180163621902,-4.343934059143066,-1.6040700674057007,0.3180639445781708,2.099669933319092,0.12394293397665024,0.37817832827568054,-3.0509088039398193,-0.32909736037254333,0.44133323431015015,-0.6766402721405029,0.5300807952880859,-0.8887621164321899,-0.5939836502075195,1.2397880554199219,1.9207267761230469
4.006353378295898,-0.0988909900188446,1.2890552282333374,-4.710263252258301,-1.3684629201889038,1.4181088209152222,2.2123210430145264,0.2987514138221741,1.043181300163269,-3.2253167629241943,-0.29139286279678345,1.048442006111145,-0.6711017489433289,0.4954815208911896,-0.7807953357696533,-0.5585682392120361,1.2685546875,2.006739616394043
4.014339923858643,0.04026344418525696,1.7843419313430786,-4.710087776184082,-1.154171347618103,1.864109754562378,2.198122501373291,0.3534274697303772,1.3204331398010254,-3.197920083999634,-0.1495700627565384,1.350969672203064,-0.6674725413322449,0.46617892384529114,-0.7474241256713867,-0.6082807183265686,1.2732467651367188,2.034738540649414
3.8664727210998535,0.3483155369758606,2.6916024684906006,-4.651487350463867,-0.7864698171615601,2.655470132827759,2.113239288330078,0.528102457523346,1.8303793668746948,-3.17034912109375,0.04946557804942131,1.822387456893921,-0.6478703618049622,0.4516620934009552,-0.682115912437439,-0.5942648649215698,1.248361587524414,2.103929281234741
3.7682032585144043,0.5123017430305481,2.9690072536468506,-4.642429828643799,-0.6380666494369507,2.9214656352996826,2.0684452056884766,0.5901733040809631,1.9828087091445923,-3.166731834411621,0.14743463695049286,1.994394063949585,-0.6228230595588684,0.49172401428222656,-0.6067638993263245,-0.5761456489562988,1.2536201477050781,2.1885409355163574
3.60074520111084,0.6511262655258179,3.3233742713928223,-4.606942653656006,-0.3987668454647064,3.2960424423217773,1.9585450887680054,0.6729522943496704,2.1777398586273193,-3.1818220615386963,0.22678415477275848,2.170163631439209,-0.621480405330658,0.4875011444091797,-0.5955848097801208,-0.5723428726196289,1.2025699615478516,2.1937921047210693
3.616619110107422,0.5980408787727356,3.362387180328369,-4.653266429901123,-0.3484528958797455,3.313889265060425,1.982495903968811,0.6707664728164673,2.1655452251434326,-3.2155821323394775,0.21472398936748505,2.171311378479004,-0.6072663068771362,0.4628314971923828,-0.6633626818656921,-0.5537915825843811,1.1288890838623047,2.1157941818237305
3.713198661804199,0.33355647325515747,2.777712345123291,-4.808378219604492,-0.5036318898200989,2.787663698196411,2.0325140953063965,0.5167918801307678,1.7486454248428345,-3.268871307373047,0.13281100988388062,1.8337819576263428,-0.6215904951095581,0.48145103454589844,-0.7322211265563965,-0.5011022090911865,1.0179920196533203,2.0865626335144043
3.903657913208008,0.19529466331005096,2.2242953777313232,-4.871935844421387,-0.6605656743049622,2.212838888168335,2.129047155380249,0.4362559914588928,1.4476346969604492,-3.3055477142333984,0.033407628536224365,1.4494930505752563,-0.6230441927909851,0.4909992218017578,-0.7442208528518677,-0.5101442933082581,1.0075855255126953,2.091047525405884
3.171269416809082,-0.07593020051717758,0.47226083278656006,-4.681162357330322,-0.9357942342758179,0.4356634020805359,1.613701343536377,0.5181710124015808,0.6331939101219177,-3.187131881713867,-0.009927349165081978,0.45738470554351807,-0.609870195388794,0.5075588226318359,-0.7829183340072632,-0.523147702217102,1.0160446166992188,2.0573787689208984
2.8764493465423584,-0.09182027727365494,-0.39735984802246094,-4.431390285491943,-0.9978917837142944,-0.87135910987854,1.5042026042938232,0.4986721873283386,0.2619347870349884,-3.1118974685668945,-0.05535659193992615,-0.17193639278411865,-0.6252481341362,0.5088043212890625,-0.8202255964279175,-0.5026183724403381,0.9851512908935547,2.042729377746582
2.5032856464385986,-0.09006737172603607,-2.182849884033203,-3.4176535606384277,-0.7369018197059631,-2.259847640991211,1.4929683208465576,0.2795082926750183,-0.788860023021698,-2.565459966659546,0.10972816497087479,-0.8772751688957214,-0.6135767102241516,0.5251884460449219,-0.9309790134429932,-0.5278041958808899,0.9650287628173828,1.935056209564209
2.2665717601776123,-0.0096973842009902,-2.722909450531006,-3.0106492042541504,-0.5628925561904907,-2.646505832672119,1.4707558155059814,0.3008248209953308,-1.116971731185913,-2.3843133449554443,0.19249944388866425,-1.1001590490341187,-0.6031163334846497,0.5446262359619141,-0.992499589920044,-0.5041353106498718,0.8895359039306641,1.8965317010879517
1.8878469467163086,-0.027899155393242836,-2.6905837059020996,-2.7024545669555664,-0.3245293200016022,-2.883540630340576,1.251657247543335,0.44498226046562195,-1.1237328052520752,-2.1732583045959473,0.28180718421936035,-1.2432154417037964,-0.5955062508583069,0.6215038299560547,-0.8826678395271301,-0.490224152803421,0.9443569183349609,2.0161428451538086
1.888258695602417,0.013747802935540676,-2.778169631958008,-2.661994218826294,-0.23290219902992249,-2.7900490760803223,1.2069146633148193,0.4419057071208954,-1.1503770351409912,-2.11529803276062,0.33289361000061035,-1.1674216985702515,-0.5876970291137695,0.6225337982177734,-0.9936816692352295,-0.5065394043922424,0.9376239776611328,1.9070340394973755
